First Name,Last Name,Job Title,Location,Email,Source,Business Name,Business Website,Contact Website
,,,"Washington, DC",,Google,Solar Solution,solarsolutiondc.com,
,,,"Washington, DC",,Google,Solar Solution,solarsolutionllc.com,
,,,"Washington, DC",,Google,Ipsun Solar,ipsunsolar.com,
,,,"Washington, DC",,Google,Sunbridge Solar,sunbridgesolar.com,
,,,"Washington, DC",,Google,GreenBrilliance,greenbrilliance.com,
,,,"Washington, DC",,Google,Ipsun Solar,ipsunsolar.com,
,,,"Washington, DC",,Google,NW Wind & Solar,nwwindandsolar.com,
,,,"Washington, DC",,Google,"Solar Electric Supply, Inc.",solarelectricsupply.com,
,,,"Washington, DC",,Google,Puget Sound Solar LLC,pugetsoundsolar.com,
,,,"Washington, DC",,Google,Western Solar Inc,westernsolarinc.com,
,,,"Washington, DC",,Google,Sun City Solar Energy-Oklahoma City,suncityenergy.com,
,,,"Washington, DC",,Google,"South Sound Solar, Inc.",southsoundsolar.com,
,,,"Washington, DC",,Google,Solar Energy Co,energy.gov,
,,,"Washington, DC",,Google,Northwest Renewables,northwestrenewables.com,
,,,"Washington, DC",,Google,Greenlight Solar & Roofing,greenlight-solar.com,
,,,"Washington, DC",,Google,"Solar Energy Services, Inc.",solarsaves.net,
,,,"Washington, DC",,Google,Standard Solar Inc,standardsolar.com,
,,,"Washington, DC",,Google,Soleil Inc.,soleilinc.com,
,,,"Washington, DC",,Google,Inovateus Solar LLC,inovateus.com,
,,,"Washington, DC",,Google,SolTerra,solar.solterra.com,
,,,"Washington, DC",,Google,Foley & Lardner LLP,foley.com,
,,,"Washington, DC",,Google,Lincoln Property Company,lpc.com,
,,,"Washington, DC",,Google,Lincoln Property Co,lpc.com,
,,,"Washington, DC",,Google,Lincoln Property Company,lpc.com,
,,,"Washington, DC",,Google,SAIC Inc,saic.com,
,,,"Washington, DC",,Google,Soleil Inc,soleilinc.com,
,,,"Washington, DC",,Google,Lincoln Property Co,lincolnapts.com,
,,,"Washington, DC",,Google,Solar Energy World,solarenergyworld.com,
,,,"Washington, DC",,Google,Engility Corporation,,
,,,"Washington, DC",,Google,Engility,,
,,,"Washington, DC",,Google,Fluor Enterprises Inc,fluor.com,
,,,"Washington, DC",,Google,City Electric Supply Capitol Heights,cityelectricsupply.com,
,,,"Washington, DC",,Google,Sunrun,sunrun.com,
,,,"Washington, DC",,Google,Green Brilliance,greenbrilliance.com,
,,,"Washington, DC",,Google,Fluor Enterprises Inc,fluor.com,
,,,"Washington, DC",,Google,Lumina Solar,luminasolar.com,
,,,"Washington, DC",,Google,"Fluor Federal Services, Inc.",fluor.com,
,,,"Washington, DC",,Google,City Electric Supply Rockville,cityelectricsupply.com,
,,,"Washington, DC",,Google,GreenBrilliance,greenbrilliance.com,
,,,"Washington, DC",,Google,American Sentry Solar,americansentrysolar.com,
,,,"Washington, DC",,Google,City Electric Supply Alexandria,cityelectricsupply.com,
,,,"Washington, DC",,Google,City Electric Supply Beltsville,cityelectricsupply.com,
,,,"Washington, DC",,Google,Mountain View Solar,mtvsolar.com,
,,,"Washington, DC",,Google,City Electric Supply Gaithersburg,cityelectricsupply.com,
,,,"Washington, DC",,Google,Sunday Solar,sundaysolar.com,
,,,"Washington, DC",,Google,BrightView Landscape,brightview.com,
,,,"Washington, DC",,Google,Critter Control,crittercontrol.com,
,,,"Washington, DC",,Google,Mr. Electric of Fairfax,mrelectric.com,
,,,"Washington, DC",,Google,BrightView Landscape,brightview.com,
,,,"Washington, DC",,Google,BrightView Landscape,brightview.com,
,,,"Washington, DC",,Google,Mr. Electric of Fairfax,mrelectric.com,
,,,"Washington, DC",,Google,Mr Electric,mrelectric.com,
,,,"Washington, DC",,Google,Ewing Irrigation & Landscape Supply,ewingirrigation.com,
,,,"Washington, DC",,Google,Window World of Washington DC,windowworlddc.com,
,,,"Washington, DC",,Google,Tecta America Jessup Commercial Roofing,tectaamerica.com,
,,,"Washington, DC",,Google,Altenergy Inc.,altenergyincorporated.com,
,,,"Washington, DC",,Google,Pennsylvania Solar Energy Company Inc.,pennsolarenergy.com,
,,,"Washington, DC",,Google,"NJ Solar Power, LLC",njsolar.com,
,,,"Washington, DC",,Google,Fluor Federal Solutions,fluor.com,
,,,"Boston, Massachusetts",,Google,Boston Solar,bostonsolar.us,
,,,"Boston, Massachusetts",,Google,Renewable Energy Massachusetts LLC,remenergyco.com,
,,,"Boston, Massachusetts",,Google,Mass Renewables Inc.,massrenewables.net,
,,,"Boston, Massachusetts",,Google,Massachusetts Solar Inc,mass.gov,
,,,"Boston, Massachusetts",,Google,RevoluSun Massachusetts,massachusetts.revolusun.com,
,,,"Boston, Massachusetts",,Google,BlueWave Solar,bluewavesolar.com,
,,,"Boston, Massachusetts",,Google,Brightergy,brightergy.com,
,,,"Boston, Massachusetts",,Google,Vivint Solar,vivintsolar.com,
,,,"Boston, Massachusetts",,Google,SolarCity South Shore Office,,
,,,"Boston, Massachusetts",,Google,Brightstar Solar,brightstarsolar.net,
,,,"Boston, Massachusetts",,Google,"Sunlight Solar Energy, Inc.",sunlightsolar.com,
,,,"Boston, Massachusetts",,Google,"Nexamp, Inc.",nexamp.com,
,,,"Boston, Massachusetts",,Google,Summit Energy Solar,summitsolarenergy.com,
,,,"Boston, Massachusetts",,Google,EnergySage,energysage.com,
,,,"Boston, Massachusetts",,Google,Vivint Solar,vivintsolar.com,
,,,"Boston, Massachusetts",,Google,Solstice,solstice.us,
,,,"Boston, Massachusetts",,Google,Pope Energy,popeenergy.com,
,,,"Boston, Massachusetts",,Google,Massachusetts Clean Energy Center,masscec.com,
,,,"Boston, Massachusetts",,Google,Rivermoor Energy,rivermoorenergy.com,
,,,"Boston, Massachusetts",,Google,Sunrun,sunrun.com,
,,,"Boston, Massachusetts",,Google,Boston,cityofboston.gov,
,,,"Boston, Massachusetts",,Google,Kearsarge Energy,kearsargeenergy.com,
,,,"Boston, Massachusetts",,Google,Vivint Solar,vivintsolar.com,
,,,"Boston, Massachusetts",,Google,SolarCity South Shore Office,,
,,,"Boston, Massachusetts",,Google,Summit Energy Solar,summitsolarenergy.com,
,,,"Boston, Massachusetts",,Google,Boston City Hall,boston.gov,
,,,"Boston, Massachusetts",,Google,ECA SOLAR,ecasolar.com,
,,,"Boston, Massachusetts",,Google,Impact Hub Boston,impacthubboston.net,
,,,"Boston, Massachusetts",,Google,Brightstar Solar,brightstarsolar.net,
,,,"Boston, Massachusetts",,Google,"BlueSel Commercial Solar, Inc.",blueselcommercialsolar.com,
,,,"Boston, Massachusetts",,Google,Eversource,eversource.com,
,,,"Boston, Massachusetts",,Google,SunBug Solar,sunbugsolar.com,
,,,"Boston, Massachusetts",,Google,Environment Massachusetts,environmentmassachusetts.org,
,,,"Boston, Massachusetts",,Google,Independent Power Systems,solarips.com,
,,,"Boston, Massachusetts",,Google,Cocobeet - Boston,cocobeet.com,
,,,"Boston, Massachusetts",,Google,Sunrun,sunrun.com,
,,,"Boston, Massachusetts",,Google,Solar FiveÂ®,solarfive.com,
,,,"Boston, Massachusetts",,Google,Massachusetts Institute of Technology,web.mit.edu,
,,,"Boston, Massachusetts",,Google,Fonroche Lighting America,solarone.net,
,,,"Boston, Massachusetts",,Google,The Westin Boston Waterfront,marriott.com,
,,,"Boston, Massachusetts",,Google,NuWatt Energy,nuwattenergy.com,
,,,"Boston, Massachusetts",,Google,Benjamin Franklin Institute of Technology (BFIT),bfit.edu,
,,,"Boston, Massachusetts",,Google,ReVision Energy,revisionenergy.com,
,,,"Boston, Massachusetts",,Google,Key Solar LLC,keysolarllc.com,
,,,"Boston, Massachusetts",,Google,Solar Wolf Energy,solarwolfenergy.com,
,,,"Boston, Massachusetts",,Google,Vivint Solar,vivintsolar.com,
,,,"Boston, Massachusetts",,Google,Commercial Drone Services,commercialdroneservices.co,
,,,"Boston, Massachusetts",,Google,Endless Energy,goendlessenergy.com,
,,,"Boston, Massachusetts",,Google,Johnson Controls,johnsoncontrols.com,
,,,"Boston, Massachusetts",,Google,GE Foundation,ge.com,
,,,"Boston, Massachusetts",,Google,Northeastern University,northeastern.edu,
,,,"Boston, Massachusetts",,Google,SolarFlair Energy Inc.,solarflair.com,
,,,"Boston, Massachusetts",,Google,Cazeault Solar & Home,cazeaultsolarhome.com,
,,,"Boston, Massachusetts",,Google,New England Clean Energy,necleanenergy.com,
,,,"Boston, Massachusetts",,Google,"Skyline Solar, LLC",skylinesolar.net,
,,,"Boston, Massachusetts",,Google,RES Solar,ressolar.com,
,,,"Boston, Massachusetts",,Google,National Grid,nationalgridus.com,
,,,"Boston, Massachusetts",,Google,Ameresco Inc,ameresco.com,
,,,"Boston, Massachusetts",,Google,Solar Wolf Energy,solarwolfenergy.com,
,,,"Boston, Massachusetts",,Google,University of Massachusetts Boston,umb.edu,
,,,"Boston, Massachusetts",,Google,Solar Wolf Energy,solarwolfenergy.com,
,,,"Boston, Massachusetts",,Google,ACE Solar,myacesolar.com,
,,,"Boston, Massachusetts",,Google,Eversource,eversource.com,
,,,"Boston, Massachusetts",,Google,Solar Seal Company,solarseal.com,
,,,"Boston, Massachusetts",,Google,Tesla,tesla.com,
,,,"Boston, Massachusetts",,Google,Venture Solar,venturesolar.com,
,,,"Boston, Massachusetts",,Google,Trinity Solar,trinity-solar.com,
,,,"Boston, Massachusetts",,Google,US Solar Works,ussolarworks.com,
,,,"Boston, Massachusetts",,Google,Beacon Solar,beaconsolarma.com,
,,,"Boston, Massachusetts",,Google,Hillside Hardware & Paint,stores.truevalue.com,
,,,"Boston, Massachusetts",,Google,Solar Wolf Energy,solarwolfenergy.com,
,,,"Boston, Massachusetts",,Google,Marblehead Municipal Light Department,marbleheadelectric.com,
,,,"Boston, Massachusetts",,Google,Solect Energy,solect.com,
,,,"Boston, Massachusetts",,Google,Solar Flair Energy Inc,solarflair.com,
,,,"Boston, Massachusetts",,Google,Kyocera America Inc,,
,,,"Boston, Massachusetts",,Google,National Grid,nationalgridus.com,
,,,"Boston, Massachusetts",,Google,Borrego Solar,borregosolar.com,
,,,"Boston, Massachusetts",,Google,Yaskawa Solectria Solar,solectria.com,
,,,"Boston, Massachusetts",,Google,Sunwatt Solar,sunwatt.solar,
,,,"Boston, Massachusetts",,Google,Eversource,eversource.com,
,,,"Boston, Massachusetts",,Google,Southern Light Solar,southernlightsolar.com,
,,,"Boston, Massachusetts",,Google,National Grid,nationalgridus.com,
,,,"Boston, Massachusetts",,Google,Energy Monster,myenergymonster.com,
,,,"Boston, Massachusetts",,Google,Hardware City Inc,acehardware.com,
